user_id,movie_id,rating
1,2,3.5
1,3,4.5
1,5,3.5
1,6,3.5
1,11,3.0
1,12,4.5
1,19,2.5
1,25,3.0
1,26,3.5
1,29,3.0
2,10,3.0
2,12,2.0
2,14,5.0
2,16,3.0
2,17,3.0
2,18,4.0
2,19,3.5
2,25,3.0
2,33,3.0
2,34,3.5
2,35,3.5
3,12,3.0
3,13,2.0
3,21,4.5
3,22,3.0
3,23,5.0
3,24,3.5
3,26,2.0
3,28,3.0
3,30,2.5
3,31,4.0
3,32,4.0
3,33,2.5
4,1,3.0
4,8,3.0
4,14,3.0
4,17,3.0
4,20,2.5
4,21,3.0
4,25,3.5
4,26,4.5
4,28,2.5
4,29,2.5
4,31,2.0
4,32,2.0
4,34,3.0
5,2,3.0
5,8,2.0
5,13,4.0
5,17,4.0
5,19,5.0
5,20,4.5
5,21,2.5
5,33,4.0
5,36,4.5
6,2,2.0
6,3,3.0
6,4,2.0
6,9,3.5
6,10,4.0
6,12,2.5
6,20,2.5
6,22,3.0
6,23,2.0
6,24,3.5
7,2,3.5
7,4,3.0
7,9,2.0
7,13,3.5
7,14,2.5
7,15,2.0
7,17,2.5
7,18,4.0
7,28,4.0
7,31,4.0
7,34,3.5
8,2,5.0
8,3,2.5
8,4,3.5
8,17,5.0
8,18,2.5
8,19,4.5
8,20,4.5
8,25,2.5
8,30,3.5
8,32,2.5
8,33,3.5
8,35,4.0
9,1,4.5
9,2,4.0
9,3,3.5
9,4,3.0
9,5,3.5
9,7,3.5
9,8,4.5
9,10,2.5
9,14,2.5
9,20,2.0
9,21,3.0
9,26,3.5
9,29,3.5
10,6,3.0
10,13,3.5
10,14,3.5
10,15,5.0
10,18,4.0
10,20,3.0
10,30,3.0
10,31,2.0
10,34,3.0
11,5,2.0
11,6,3.0
11,15,2.0
11,16,3.0
11,21,5.0
11,23,4.5
11,28,3.5
11,30,3.0
11,32,3.0
11,34,2.5
12,1,3.5
12,7,2.0
12,12,3.5
12,17,2.0
12,22,3.0
12,25,3.5
12,26,4.0
12,27,3.0
12,28,3.0
12,29,3.0
12,30,2.0
13,2,3.0
13,6,2.5
13,11,2.0
13,13,4.0
13,17,5.0
13,19,3.5
13,20,3.5
13,30,3.0
13,33,4.5
13,34,3.5
13,35,3.5
13,36,4.0
14,3,4.0
14,4,2.5
14,5,3.5
14,6,3.0
14,7,3.0
14,8,3.5
14,10,3.5
14,11,4.0
14,14,2.0
14,17,2.5
14,22,3.5
14,32,3.5
14,36,2.0
15,2,2.5
15,8,3.0
15,13,3.0
15,14,2.5
15,30,4.5
15,33,4.0
15,34,3.0
15,35,2.5
15,36,4.0
16,3,3.5
16,4,4.0
16,5,3.0
16,6,3.5
16,18,3.5
16,20,4.0
16,29,1.5
16,31,1.5
16,32,2.0
16,33,3.0
17,3,4.0
17,4,3.5
17,6,4.0
17,7,4.0
17,8,3.5
17,9,3.0
17,12,4.0
17,18,3.0
17,21,2.0
17,26,4.0
17,34,2.5
18,6,4.0
18,9,2.0
18,13,4.0
18,14,4.5
18,17,3.0
18,19,4.0
18,20,3.5
18,21,1.5
18,29,1.5
18,30,2.5
18,35,3.5
18,36,3.5
19,2,2.0
19,3,2.0
19,6,2.0
19,7,2.5
19,13,3.0
19,16,3.5
19,20,2.5
19,21,4.0
19,23,4.0
19,24,3.5
19,29,2.5
19,31,3.5
19,33,2.5
20,8,3.5
20,15,2.5
20,23,2.5
20,25,4.0
20,26,4.5
20,28,3.5
20,29,3.5
20,31,3.0
20,34,2.0
21,2,3.5
21,9,2.5
21,14,2.5
21,18,3.5
21,20,4.5
21,28,1.5
21,30,2.5
21,33,5.0
21,35,4.5
21,36,5.0
22,3,2.5
22,4,2.5
22,5,2.5
22,8,3.5
22,10,4.5
22,12,3.5
22,13,2.5
22,18,2.5
22,29,3.0
22,30,2.5
22,34,1.5
23,6,2.5
23,11,2.0
23,12,3.0
23,13,3.5
23,16,3.5
23,19,2.5
23,20,3.0
23,22,2.0
23,30,5.0
23,32,3.0
23,33,3.0
23,35,4.0
24,1,3.0
24,2,4.0
24,6,3.5
24,7,2.0
24,9,1.5
24,10,1.5
24,14,2.5
24,15,1.5
24,17,4.5
24,19,4.5
24,20,3.5
24,22,1.5
24,27,2.5
25,1,5.0
25,4,3.0
25,7,3.0
25,10,3.5
25,12,4.0
25,21,2.0
25,26,3.5
25,29,4.0
25,34,2.0
26,2,3.5
26,4,3.5
26,6,3.0
26,8,3.0
26,13,4.5
26,14,4.0
26,16,4.0
26,19,2.5
26,26,2.5
26,34,3.5
27,2,2.5
27,3,2.5
27,4,3.0
27,5,2.0
27,10,2.5
27,16,3.0
27,23,4.5
27,24,3.0
27,28,2.5
27,32,3.5
27,35,2.0
28,1,2.5
28,8,3.5
28,12,2.5
28,13,2.5
28,25,4.5
28,26,3.5
28,27,2.5
28,28,3.0
28,29,3.0
28,34,3.0
28,35,2.5
28,36,2.0
29,2,3.0
29,5,2.5
29,13,4.0
29,14,3.0
29,17,5.0
29,19,5.0
29,20,4.0
29,28,2.0
29,30,4.0
29,32,2.5
29,33,4.5
29,34,5.0
29,35,4.5
30,10,4.0
30,11,4.5
30,12,3.5
30,16,3.0
30,22,3.0
30,28,2.5
30,29,2.5
30,32,3.0
30,36,2.0
31,2,3.0
31,3,2.0
31,9,3.0
31,11,2.0
31,14,4.0
31,28,4.0
31,30,5.0
31,31,2.5
31,32,3.5
31,35,4.0
32,4,4.0
32,6,4.5
32,10,2.0
32,12,2.5
32,13,2.5
32,14,2.5
32,17,3.5
32,19,4.5
32,20,3.5
32,33,4.0
32,35,3.5
33,1,4.5
33,2,3.5
33,3,4.0
33,4,3.0
33,5,4.5
33,6,3.0
33,10,4.0
33,12,3.5
33,17,1.5
33,18,2.5
33,26,3.5
33,30,2.5
34,4,2.5
34,7,2.0
34,13,4.5
34,15,4.0
34,16,3.5
34,18,3.5
34,19,3.5
34,20,4.0
34,22,2.0
34,25,2.0
34,32,2.0
34,33,3.5
34,35,3.0
35,4,2.5
35,10,2.5
35,21,5.0
35,23,5.0
35,28,2.5
35,30,3.0
35,31,3.0
35,32,4.0
35,33,2.0
36,1,2.5
36,7,2.5
36,13,1.5
36,15,2.0
36,21,3.0
36,22,1.5
36,25,4.5
36,28,3.0
36,29,3.5
36,34,2.5
37,13,4.0
37,14,3.5
37,16,1.5
37,17,5.0
37,18,3.5
37,19,4.0
37,21,3.0
37,33,5.0
37,34,3.5
37,35,3.5
37,36,5.0
38,3,3.0
38,4,3.0
38,5,4.0
38,7,3.0
38,8,3.5
38,10,3.5
38,11,4.0
38,23,2.0
38,24,2.5
38,29,3.5
38,33,2.5
38,35,2.5
39,6,3.5
39,17,3.5
39,20,4.0
39,22,2.0
39,25,2.5
39,28,4.0
39,29,4.0
39,30,4.5
39,31,3.0
39,33,3.5
39,34,2.5
39,35,2.5
39,36,3.5
40,1,3.0
40,2,3.5
40,4,5.0
40,13,3.0
40,14,3.5
40,17,4.0
40,18,3.5
40,19,5.0
40,34,2.5
